j1,,,,,,,
j1,15808,2432,-1088,0,,,
j1,15808,2432,-1088,40,,,
j1,15808,2432,-1088,81,,,
,,,,,,,
j1,16576,2880,448,122,,,
,,,,,,,
j1,16576,2880,448,163,,,
,,,,,,,
j1,15872,2304,-960,202,,,
j1,15872,2304,-960,243,,,
j1,15872,2304,-960,284,,,
j1,15872,2496,-1088,325,,,
j1,15872,2496,-1088,366,,,
j1,15680,2560,-1088,409,,,
j1,15680,2560,-1088,450,,,
j1,15040,2304,-1728,491,,,
j1,15040,2304,-1728,532,,,
j1,15040,2304,-1728,573,,,
j1,14592,3648,-1088,614,,,
1088,655,,,,,,
j1,14400,2048,-5632,696,,,
j1,14400,2048,-5632,737,,,
j1,20672,1600,-9280,778,,,
j1,20672,1600,-9280,819,,,
j1,20672,1600,-9280,860,,,
j1,-128,768,-16064,901,,,
j1,-128,768,-16064,942,,,
j1,26560,-256,-18048,983,,,
j1,26560,-256,-18048,1024,,,
j1,26560,-256,-18048,1064,,,
j1,-32640,-30080,-32640,1107,,,
j1,-32640,-30080,-32640,1148,,,
j1,4416,7488,-14464,1189,,,
j1,4416,7488,-14464,1230,,,
j1,576,-4928,-7296,1273,,,
j1,576,-4928,-7296,1314,,,
j1,576,-4928,-7296,1355,,,
j1,5888,-6912,-4864,1396,,,
j1,5888,-6912,-4864,1437,,,
j1,32640,9984,-11136,1478,,,
j1,32640,9984,-11136,1519,,,
j1,16192,-20480,4864,1560,,,
j1,16192,-20480,4864,1601,,,
j1,16192,-20480,4864,1644,,,
j1,7104,-2112,-11264,1685,,,
j1,7104,-2112,-11264,1726,,,
j1,13632,256,-9472,1767,,,
j1,13632,256,-9472,1808,,,
j1,13632,-256,-7360,1849,,,
j1,14912,-256,-7360,1890,,,
j1,14912,-256,-7360,1933,,,
,,,,,,,
j1,15040,384,-5120,1974,,,
j1,15040,384,-5120,2015,,,
j1,14720,2176,-4992,2056,,,
j1,14720,2176,-4992,2097,,,
j1,14720,2176,-4992,2138,,,
j1,15744,2624,-3520,2179,,,
j1,15744,2624,-3520,2220,,,
j1,14464,4672,-4992,2260,,,
j1,14464,4672,-4992,2304,,,
j1,15808,1536,-576,2344,,,
j1,15808,1536,-576,2385,,,
,,,,,,,
j1,15808,1536,-576,2426,,,
j1,15808,3136,-1984,2467,,,
j1,15808,3136,-1984,2508,,,
j1,15616,3136,-2176,2549,,,
j1,15616,3136,-2176,2590,,,
j1,15680,2432,-1856,2631,,,
j1,15680,2432,-1856,2674,,,
j1,15680,2432,-1856,2715,,,
j1,15872,3136,-1536,2756,,,
j1,15872,3136,-1536,2797,,,
j1,15808,2240,-1728,2838,,,
,,,,,,,
j1,15808,2240,-1728,2879,,,
j1,15808,2240,-1728,2920,,,
,,,,,,,
j1,15872,2496,-1536,2963,,,
j1,15872,2496,-1536,3004,,,
,,,,,,,
j1,15808,2752,-2112,3045,,,
j1,15808,2752,-2112,3086,,,
,,,,,,,
j1,15808,2688,-1984,3127,,,
j1,15808,2688,-1984,3168,,,
,,,,,,,
j1,15808,2688,-1984,3209,,,
j1,15744,2496,-1664,3252,,,
,,,,,,,
j1,15744,2496,-1664,3293,,,
j1,15744,2432,-1984,3334,,,
j1,15744,2432,-1984,3375,,,
j1,15744,2304,-1600,3416,,,
j1,15744,2304,-1600,3457,,,
j1,15744,2304,-1600,3497,,,
j2,,,,,,,
j2,15872,2560,-640,0,,,
j2,15872,2560,-640,41,,,
j2,15680,2496,-1024,82,,,
j2,15680,2496,-1024,123,,,
j2,15808,2304,-640,164,,,
j2,15808,2304,-640,205,,,
j2,15808,2304,-640,245,,,
j2,15872,2816,-896,286,,,
j2,15872,2816,-896,327,,,
j2,15616,1920,-640,368,,,
j2,15616,1920,-640,409,,,
j2,15680,2112,-2496,450,,,
j2,15680,2112,-2496,491,,,
j2,15680,2112,-2496,532,,,
j2,14016,5120,-3776,573,,,
j2,14016,5120,-3776,614,,,
j2,16384,-2112,-8192,655,,,
,,,,,,,
j2,16384,-2112,-8192,696,,,
j2,6272,64,-14464,739,,,
j2,6272,64,-14464,778,,,
j2,6272,64,-14464,819,,,
j2,19328,-704,-15552,860,,,
j2,19328,-704,-15552,901,,,
j2,32640,14144,-16512,942,,,
j2,32640,14144,-16512,985,,,
j2,32640,14144,-16512,1026,,,
j2,32640,-16960,25472,1067,,,
j2,32640,-16960,25472,1108,,,
j2,-6528,7232,-4224,1151,,,
j2,-6528,7232,-4224,1192,,,
j2,2688,-6976,-10624,1233,,,
j2,2688,-6976,-10624,1274,,,
j2,2688,-6976,-10624,1315,,,
j2,32640,32640,32640,1358,,,
j2,32640,32640,32640,1398,,,
j2,22720,-7424,-31168,1439,,,
j2,22720,-7424,-31168,1480,,,
j2,6848,2944,-16064,1523,,,
j2,6848,2944,-16064,1564,,,
j2,6848,2944,-16064,1605,,,
j2,11456,-704,-11904,1646,,,
j2,11456,-704,-11904,1687,,,
j2,16960,960,-10432,1728,,,
,,,,,,,
j2,16960,960,-10432,1769,,,
j2,14208,512,-7680,1812,,,
j2,14208,512,-7680,1853,,,
j2,14208,512,-7680,1894,,,
j2,13952,2688,-5504,1935,,,
j2,13952,2688,-5504,1976,,,
j2,15872,1600,-3072,2017,,,
j2,15872,1600,-3072,2058,,,
j2,15872,1600,-3072,2099,,,
j2,15040,3648,-1792,2140,,,
j2,15040,3648,-1792,2183,,,
j2,15616,3264,-2048,2224,,,
j2,15616,3264,-2048,2265,,,
j2,15680,2624,-1600,2306,,,
j2,15680,2624,-1600,2347,,,
j2,15680,2624,-1600,2388,,,
j2,16000,2304,-768,2429,,,
j2,16000,2304,-768,2470,,,
j2,15808,2816,-704,2511,,,
j2,15808,2816,-704,2554,,,
j2,15872,3008,-1088,2595,,,
j2,15872,3008,-1088,2635,,,
j2,15872,3008,-1088,2676,,,
j2,15744,2688,-896,2717,,,
j2,15744,2688,-896,2758,,,
j2,15616,2816,-960,2799,,,
j2,15616,2816,-960,2840,,,
j2,15616,2816,-960,2881,,,
j2,15936,3008,-1216,2922,,,
,,,,,,,
j2,15936,3008,-1216,2963,,,
j2,15680,2816,-1600,3006,,,
,,,,,,,
j2,15680,2816,-1600,3047,,,
j2,17280,2944,1472,3088,,,
j2,17280,2944,1472,3129,,,
j2,17280,2944,1472,3170,,,
j2,15680,2496,-1280,3211,,,
j2,15680,2496,-1280,3252,,,
j2,15616,2624,-1408,3293,,,
j2,15616,2624,-1408,3336,,,
j2,15680,2624,-1792,3377,,,
j2,15680,2624,-1792,3418,,,
j2,15680,2624,-1792,3459,,,
j3,,,,,,,
j3 15872,2688,-1280,0,,,,
j3 15872,2688,-1280,41,,,,
j3 15872,2688,-1280,82,,,,
j3 15808,2560,-1152,123,,,,
j3 15808,2560,-1152,164,,,,
j3 15680,2624,-1280,205,,,,
j3 15680,2624,-1280,246,,,,
j3 15744,,,,,,,
j3 15744,2560,-1344,327,,,,
,,,,,,,
j3 15744,2560,-1344,368,,,,
j3 15296,2944,-896,409,,,,
j3 15296,2944,-896,450,,,,
j3 15488,1728,-704,491,,,,
j3 15488,1728,-704,532,,,,
j3 15104,1664,-320,571,,,,
j3 15104,1664,-320,612,,,,
j3 15104,1664,-320,653,,,,
j3 14080,2496,-5888,694,,,,
j3 14080,2496,-5888,735,,,,
j3 12928,-1408,-12288,776,,,,
j3 12928,-1408,-12288,819,,,,
j3 12928,-1408,-124224,-16768,901,,,
j3 19904,4224,-16768,942,,,,
j3 32640,1600,-21056,983,,,,
j3 32640,1600,-21056,1024,,,,
j3 -32640,32640,13312,1065,,,,
j3 -32640,32640,13312,1108,,,,
j3 -32640,32640,13312,1149,,,,
j3 1472,30720,-10944,1190,,,,
j3 1472,30720,-10944,1231,,,,
j3 256,-5504,-3008,1272,,,,
j3 256,-5504,-3008,1313,,,,
j3 9600,-32640,-32640,1353,,,,
j3 9600,-32640,-32640,1396,,,,
j3 9600,-32640,-32640,1437,,,,
j3 12992,128,12224,1478,,,,
j3 12992,128,12224,1519,,,,
j3 28352,2496,-16384,1560,,,,
j3 28352,2496,-16384,1601,,,,
j3 28352,2496,-16384,1644,,,,
j3 6400,-832,-13120,1685,,,,
j3 6400,-832,-13120,1726,,,,
j3 14784,1664,-10688,1767,,,,
j3 14784,1664,-10688,1808,,,,
j3 15296,64,-7488,1849,,,,
j3 15296,64,-7488,1890,,,,
j3 15296,64,-7488,1931,,,,
j3 14144,2752,-6336,1972,,,,
j3 14144,2752,-6336,2013,,,,
j3 14592,2112,-3840,2054,,,,
,,,,,,,
j3 14592,2112,-3840,2095,,,,
j3 15424,1664,-3840,2136,,,,
j3 15424,1664,-3840,2177,,,,
j3 15424,1664,-3840,2220,,,,
j3 15616,1984,-1408,2261,,,,
j3 15616,1984,-1408,2302,,,,
j3 16000,1792,-1536,2343,,,,
j3 16000,1792,-1536,2384,,,,
j3 16000,1792,-1536,2425,,,,
j3 15872,2688,-1600,2466,,,,
j3 15872,2688,-1600,2507,,,,
j3 15872,2560,-1344,2547,,,,
j3 15872,2560,-1344,2588,,,,
j3 15744,2432,-1152,2631,,,,
j3 15744,2432,-1152,2672,,,,
j3 15744,2432,-1152,2713,,,,
j3 15616,2496,-768,2754,,,,
j3 15616,2496,-768,2795,,,,
,,,,,,,
j3 15808,2816,-704,2836,,,,
j3 15808,2816,-704,2877,,,,
j3 15872,2304,-1024,2918,,,,
j3 15872,2304,-1024,2959,,,,
j3 15872,2304,-1024,3000,,,,
j3 15872,2688,-1280,3041,,,,
j3 15872,2688,-1280,3082,,,,
j3 15808,2560,-1088,3125,,,,
j3 15808,2560,-1088,3166,,,,
j3 15808,2560,-1088,3207,,,,
j3 15936,2880,-1344,3248,,,,
j3 15936,2880,-1344,3289,,,,
j3 15488,2304,-832,3330,,,,
j3 15488,2304,-832,3371,,,,
j3 15936,2432,-960,3412,,,,
j3 15936,2432,-960,3453,,,,
j3 15936,2432,-960,3494,,,,
j4,,,,,,,
j4,15808,2560,-896,0,,,
j4,15808,2624,-1216,41,,,
j4,15808,2624,-1216,82,,,
j4,15744,2432,-1280,123,,,
j4,15744,2432,-1280,164,,,
j4,15744,2624,-1024,205,,,
j4,15744,2624,-1024,246,,,
,,,,,,,
j4,15744,2624,-1024,287,,,
j4,15808,2880,-1280,327,,,
j4,15808,2880,-1280,368,,,
j4,15680,2688,-1216,409,,,
j4,15680,2688,-1216,452,,,
j4,15680,2688,-1216,493,,,
j4,15104,2816,-1024,534,,,
j4,15104,2816,-1024,575,,,
j4,14080,5888,-5504,616,,,
j4,14080,5888,-5504,657,,,
j4,13632,2816,-8064,698,,,
j4,13632,2816,-8064,739,,,
j4,13632,2816,-8064,780,,,
,,,,,,,
j4,16512,-256,-12224,821,,,
j4,16512,-256,-12224,862,,,
,,,,,,,
j4,14336,960,-16000,903,,,
j4,14336,960,-16000,944,,,
j4,22208,-1088,-17792,985,,,
j4,22208,-1088,-17792,1026,,,
j4,22208,-1088,-17792,1069,,,
j4,-25792,-32640,-32640,1110,,,
j4,-25792,-32640,-32640,1151,,,
j4,3200,192,-27840,1194,,,
j4,3200,192,-27840,1235,,,
j4,3200,192,-27840,1276,,,
j4,1024,-9344,2112,1317,,,
j4,1024,-9344,2112,1358,,,
j4,3328,-15552,-12992,1399,,,
j4,3328,-15552,-12992,1440,,,
j4,32640,29952,-18304,1483,,,
j4,32640,29952,-18304,1524,,,
j4,32640,29952,-18304,1564,,,
j4,16384,8768,-27712,1605,,,
j4,16384,8768,-27712,1648,,,
j4,14336,-64,-11008,1689,,,
j4,14336,-64,-11008,1730,,,
j4,14784,64,-9216,1771,,,
j4,14784,64,-9216,1812,,,
j4,14784,64,-9216,1853,,,
j4,14080,1984,-6272,1894,,,
j4,14080,1984,-6272,1935,,,
j4,15296,2688,-1920,1976,,,
j4,15296,2688,-1920,2017,,,
j4,15360,2752,-1728,2058,,,
j4,15360,2752,-1728,2101,,,
j4,15360,2752,-1728,2142,,,
j4,16064,3072,-960,2183,,,
j4,16064,3072,-960,2224,,,
j4,15808,2432,-832,2265,,,
,,,,,,,
j4,15808,2432,-832,2306,,,
j4,15808,2432,-832,2347,,,
j4,15744,2368,-256,2388,,,
j4,15744,2368,-256,2429,,,
j4,15744,2624,-1088,2470,,,
j4,15744,2624,-1088,2511,,,
j4,15744,2176,-64,2552,,,
j4,15744,2176,-64,2593,,,
j4,15744,2176,-64,2634,,,
,,,,,,,
j4,15936,2624,-448,2675,,,
j4,15936,2624,-448,2715,,,
j4,15808,2944,-768,2758,,,
j4,15808,2944,-768,2799,,,
j4,15680,2816,-448,2840,,,
j4,15680,2816,-448,2881,,,
j4,15680,2816,-448,2922,,,
j4,15936,2112,128,2963,,,
j4,15936,2112,128,3004,,,
j4,15296,4480,-640,3045,,,
j4,15296,4480,-640,3086,,,
j4,15296,4480,-640,3127,,,
,,,,,,,
j4,15552,3776,-576,3168,,,
,,,,,,,
j4,15552,3776,-576,3209,,,
j4,15680,3136,-192,3250,,,
j072,-128,3332,,,,,
j4,15680,3072,-128,3373,,,
j4,15680,3072,-128,3414,,,
j4,15616,3392,-64,3455,,,
j4,15616,3392,-64,3496,,,
j5,,,,,,,
j5,15680,2368,-1664,2,,,
j5,15680,2304,-1536,43,,,
j5,15680,2304,-1536,84,,,
j5,15808,2112,-1280,123,,,
j5,15808,2112,-1280,166,,,
j5,15488,2688,-1344,207,,,
j5,15488,2688,-1344,248,,,
j5,15488,2688,-1344,289,,,
j5,15360,2304,-1280,330,,,
j5,15360,2304,-1280,371,,,
j5,15232,832,704,412,,,
j5,15232,832,704,453,,,
j5,15232,832,704,494,,,
j5,15424,2048,-6784,533,,,
j5,15424,2048,-6784,574,,,
,,,,,,,
j5,13056,1792,-6592,617,,,
j5,13056,1792,-6592,658,,,
j5,13632,1984,-3904,699,,,
j5,13632,1984,-3904,739,,,
j5,13632,1984,-3904,780,,,
j5,15744,-1664,-7936,821,,,
j5,15744,-1664,-7936,862,,,
j5,15616,1984,-11840,903,,,
j5,15616,1984,-11840,944,,,
j5,5504,-2752,-11584,985,,,
j5,5504,-2752,-11584,1026,,,
j5,5504,-2752,-11584,1069,,,
j5,26752,1920,-16320,1110,,,
j5,26752,1920,-16320,1151,,,
j5,32640,-7040,15488,1192,,,
j5,32640,-7040,15488,1233,,,
j5,-11968,-7488,3776,1276,,,
j5,-11968,-7488,3776,1317,,,
j5,-11968,-7488,3776,1358,,,
j5,256,-5120,-1792,1399,,,
j5,256,-5120,-1792,1440,,,
j5,704,-7936,-11328,1481,,,
j5,704,-7936,-11328,1522,,,
j5,704,-7936,-11328,1563,,,
j5,32640,-31168,1216,1604,,,
j5,32640,-31168,1216,1647,,,
j5,32640,-8896,-10560,1688,,,
,,,,,,,
j5,32640,-8896,-10560,1729,,,
j5,8832,-2112,-11776,1770,,,
j5,8832,-2112,-11776,1813,,,
j5,8832,-2112,-11776,1854,,,
j5,12544,896,-10624,1895,,,
j5,12544,896,-10624,1936,,,
j5,14656,256,-6528,1976,,,
j5,14656,256,-6528,2017,,,
j5,12736,5056,-3264,2058,,,
j5,12736,5056,-3264,2099,,,
j5,12736,5056,-3264,2142,,,
j5,15616,1920,-2496,2183,,,
j5,15616,1920,-2496,2224,,,
j5,15488,3008,-3712,2265,,,
j5,15488,3008,-3712,2306,,,
j5,15808,2240,-2176,2347,,,
j5,15808,2240,-2176,2388,,,
j5,15808,2240,-2176,2431,,,
j5,15936,2304,-2048,2472,,,
j5,15936,2304,-2048,2513,,,
j5,15872,2880,-2880,2554,,,
j5,15872,2880,-2880,2595,,,
j5,15872,2880,-2880,2636,,,
j5,15744,2304,-2432,2677,,,
j5,15744,2304,-2432,2720,,,
j5,15744,2688,-1536,2761,,,
j5,15744,2688,-1536,2802,,,
j5,15808,2240,-1280,2843,,,
j5,15808,2240,-1280,2884,,,
j5,15808,2240,-1280,2925,,,
j5,15808,2112,-1856,2966,,,
j5,15808,2112,-1856,3007,,,
j5,15744,2112,-832,3050,,,
j5,15744,2112,-832,3091,,,
j5,15680,2816,-1600,3132,,,
j5,15680,2816,-1600,3173,,,
j5,15680,2816,-1600,3213,,,
j5,15872,1984,-1792,3254,,,
j5,15872,1984,-1792,3295,,,
j5,16000,1920,-1152,3336,,,
j5,16000,1920,-1152,3379,,,
j5,16000,1920,-1152,3420,,,
j5,15488,2048,-1280,3461,,,
a1,,,,,,,
a1,15616,1856,-3776,0,,,
a1,15616,1856,-3776,41,,,
a1,15104,1856,-4416,82,,,
a1,15104,1856,-4416,123,,,
a1,14656,2496,-5952,164,,,
a1,14656,2496,-5952,205,,,
a1,15552,-640,-4800,246,,,
a1,15552,-640,-4800,287,,,
a1,15552,-640,-4800,328,,,
a1,14912,1600,-8384,369,,,
a1,14912,1600,-8384,410,,,
a1,25472,12032,-9280,453,,,
a1,25472,12032,-9280,494,,,
a1,18752,32640,32640,535,,,
a1,18752,32640,32640,576,,,
a1,18752,32640,32640,617,,,
a1,32640,26816,12416,658,,,
a1,32640,26816,12416,699,,,
a1,32640,-32640,-27648,742,,,
a1,32640,-32640,-27648,783,,,
a1,32640,-32640,-27648,824,,,
a1,17152,18816,-3648,865,,,
a1,17152,18816,-3648,908,,,
a1,640,21184,12480,949,,,
a1,640,21184,12480,990,,,
a1,4352,2944,-6272,1031,,,
a1,4352,2944,-6272,1072,,,
a1,4352,2944,-6272,1113,,,
a1,26560,128,-1920,1154,,,
a1,26560,128,-1920,1194,,,
a1,21248,11520,-31680,1235,,,
a1,21248,11520,-31680,1276,,,
a1,15168,-2432,-9216,1319,,,
a1,15168,-2432,-9216,1360,,,
a1,15168,-2432,-9216,1401,,,
a1,14720,-1792,-7552,1442,,,
,,,,,,,
a1,14720,-1792,-7552,1483,,,
a1,14400,-256,-4672,1524,,,
a1,14400,-256,-4672,1567,,,
a1,14848,2176,-2688,1608,,,
a1,14848,2176,-2688,1649,,,
a1,14848,2176,-2688,1690,,,
a1,15680,1408,-2944,1731,,,
a1,15680,1408,-2944,1772,,,
a1,15744,2304,-2560,1813,,,
a1,15744,2304,-2560,1854,,,
a1,15744,2304,-2560,1897,,,
a1,16128,1600,-1536,1938,,,
a1,16128,1600,-1536,1979,,,
a1,15744,1472,-1984,2020,,,
a1,15744,1472,-1984,2061,,,
a1,16064,1088,-1664,2102,,,
a1,16064,1088,-1664,2143,,,
a1,16064,1088,-1664,2186,,,
a1,15680,1216,-1472,2227,,,
a1,15680,1216,-1472,2268,,,
a1,16000,704,-1408,2309,,,
a1,16000,704,-1408,2350,,,
a1,15872,1216,-1664,2390,,,
a1,15872,1216,-1664,2431,,,
a1,15872,1216,-1664,2472,,,
a1,16064,704,-1088,2513,,,
a1,16064,704,-1088,2556,,,
a1,15872,1216,-2112,2597,,,
a1,15872,1216,-2112,2638,,,
a1,16000,768,-1472,2679,,,
a1,16000,768,-1472,2720,,,
a1,16000,768,-1472,2761,,,
a1,16000,896,-1664,2802,,,
a1,16000,896,-1664,2843,,,
a1,15936,1472,-2688,2884,,,
a1,15936,1472,-2688,2925,,,
a1,15936,1472,-2688,2966,,,
a1,15936,1472,-2432,3009,,,
a1,15936,1472,-2432,3050,,,
a1,15872,1216,-2048,3091,,,
a1,15872,1216,-2048,3132,,,
a1,15936,960,-2112,3173,,,
a1,15936,960,-2112,3214,,,
a1,15936,960,-2112,3255,,,
a1,15872,960,-2112,3296,,,
a1,15872,960,-2112,3337,,,
a1,15872,960,-2304,3378,,,
a1,15872,960,-2304,3419,,,
a1,15872,1216,-2560,3460,,,
a2,,,,,,,
a2,15616,1408,-3776,0,,,
a2,15616,1408,-3776,41,,,
a2,15360,1024,-3584,82,,,
a2,15360,1024,-3584,123,,,
a2,15360,1024,-3584,164,,,
a2,15488,1280,-3712,204,,,
a2,15488,1280,-3712,245,,,
a2,15808,1152,-2368,286,,,
,,,,,,,
a2,15808,1152,-2368,327,,,
a2,15680,448,-4224,368,,,
a2,15680,448,-4224,409,,,
a2,15680,448,-4224,450,,,
a2,14848,896,-5376,491,,,
a2,14848,896,-5376,532,,,
a2,14464,1536,-4736,573,,,
a2,14464,1536,-4736,614,,,
a2,14464,1536,-4736,655,,,
a2,15360,448,-9088,698,,,
a2,15360,448,-9088,737,,,
a2,15552,1152,-10112,778,,,
a2,15552,1152,-10112,821,,,
a2,27520,1216,-9920,862,,,
a2,27520,1216,-9920,903,,,
a2,27520,1216,-9920,944,,,
,,,,,,,
a2,15808,32640,32640,985,,,
a2,15808,32640,32640,1026,,,
a2,32640,18304,21568,1067,,,
a2,32640,18304,21568,1110,,,
a2,32640,-32640,-32640,1151,,,
a2,32640,-32640,-32640,1192,,,
a2,32640,-32640,-32640,1233,,,
a2,24192,-16512,-20416,1276,,,
a2,24192,-16512,-20416,1317,,,
a2,5120,23424,16768,1360,,,
a2,5120,23424,16768,1400,,,
a2,5120,23424,16768,1441,,,
a2,-5760,6272,-21248,1482,,,
a2,-5760,6272,-21248,1523,,,
a2,32640,32640,32640,1564,,,
a2,32640,32640,32640,1607,,,
,,,,,,,
a2,10688,2560,-15360,1648,,,
a2,10688,2560,-15360,1689,,,
a2,10688,2560,-15360,1730,,,
a2,15488,-3200,-11456,1773,,,
a2,15488,-3200,-11456,1814,,,
a2,12288,-2816,-9152,1855,,,
a2,12288,-2816,-9152,1896,,,
a2,13824,-1664,-6272,1937,,,
a2,13824,-1664,-6272,1980,,,
a2,13824,-1664,-6272,2021,,,
a2,15424,-2048,-6592, 2062-6592,2103,,
a2,16000,-1024,-4416,2144,,,
a2,16000,-1024,-4416,2185,,,
a2,14912,768,-2496,2228,,,
a2,14912,768,-2496,2269,,,
a2,14912,768,-2496,2310,,,
a2,16192,1984,-2944,2351,,,
a2,16192,1984,-2944,2392,,,
a2,15168,1920,-1152,2433,,,
a2,15168,1920,-1152,2474,,,
a2,15168,1920,-1152,2515,,,
a2,16576,-1216,1600,2556,,,
a2,16576,-1216,1600,2599,,,
a2,15808,1792,-1728,2640,,,
a2,15808,1792,-1728,2680,,,
a2,16064,1344,-1408,2721,,,
a2,16064,1344,-1408,2762,,,
a2,16064,1344,-1408,2803,,,
a2,15936,1280,-960,2844,,,
a2,15936,1280,-960,2885,,,
a2,16000,960,-512,2928,,,
a2,16000,960,-512,2969,,,
a2,15936,448,128,3008,,,
a2,15936,448,128,3049,,,
a2,15936,448,128,3090,,,
a2,16064,832,-64,3131,,,
a2,16064,832,-64,3172,,,
a2,15936,960,-512,3213,,,
a2,15936,960,-512,3254,,,
a2,15936,960,-512,3295,,,
a2,15808,512,-128,3336,,,
a2,15808,512,-128,3377,,,
a2,16192,448,-256,3418,,,
a2,16192,448,-256,3459,,,
a3,,,,,,,
a3,15488,1088,-2880,0,,,
a3,15616,1408,-3648,41,,,
a3,15616,1408,-3648,82,,,
a3,15616,1408,-3648,123,,,
a3,15488,1088,-3712,164,,,
a3,15488,1088,-3712,205,,,
a3,15488,1600,-3584,246,,,
a3,15488,1600,-3584,286,,,
a3,15488,960,-3392,327,,,
a3,15488,960,-3392,368,,,
a3,15488,960,-3392,409,,,
a3,15552,0,-4096,450,,,
a3,15552,0,-4096,491,,,
a3,14976,320,-5952,530,,,
a3,14976,320,-5952,571,,,
a3,14976,320,-5952,612,,,
a3,13504,576,-7936,653,,,
a3,13504,576,-7936,694,,,
a3,15616,1536,-9984,735,,,
a3,15616,1536,-9984,776,,,
,,,,,,,
a3,16640,22272,-17728,817,,,
a3,16640,22272,-17728,860,,,
a3,16640,22272,-17728,901,,,
a3,32640,17856,-6912,942,,,
a3,32640,17856,-6912,983,,,
a3,32640,10560,-32128,1024,,,
a3,32640,10560,-32128,1067,,,
a3,11648,-9280,-26048,1108,,,
a3,11648,-9280,-26048,1149,,,
a3,11648,-9280,-26048,1190,,,
a3,19136,-2816,4160,1233,,,
a3,19136,-2816,4160,1274,,,
a3,-2432,22400,17088,1315,,,
a3,-2432,22400,17088,1356,,,
a3,17536,-31680,-32640,1396,,,
a3,17408,-31680,-32640,1439,,,
a3,17408,-31680,-32640,1480,,,
a3,4224,6848,-8576,1521,,,
a3,4224,6848,-8576,1562,,,
a3,19328,-9280,-17536,1605,,,
a3,19328,-9280,-17536,1646,,,
a3,19328,-9280,-17536,1687,,,
a3,11904,128,-11264,1728,,,
a3,11904,128,-11264,1769,,,
a3,14144,-384,-8192,1812,,,
a3,14144,-384,-8192,1853,,,
a3,15424,960,-2624,1894,,,
a3,15424,960,-2624,1935,,,
a3,15424,960,-2624,1976,,,
a3,14336,1664,-3072,2017,,,
a3,14336,1664,-3072,2058,,,
a3,16320,2304,-3328,2099,,,
a3,16320,2304,-3328,2140,,,
a3,14784,448,576,2181,,,
a3,14784,448,576,2222,,,
a3,14784,448,576,2263,,,
a3,16000,576,-1024,2304,,,
a3,16000,576,-1024,2345,,,
a3,16064,896,-1152,2386,,,
a3,16064,896,-1152,2427,,,
a3,16064,896,-1152,2468,,,
a3,15872,768,-192,2511,,,
a3,15872,768,-192,2550,,,
a3,16000,1088,-1152,2590,,,
a3,16000,1088,-1152,2633,,,
a3,16000,448,-1024,2674,,,
a3,16000,448,-1024,2715,,,
a3,16000,448,-1024,2756,,,
a3,15680,1088,-1856,2797,,,
,,,,,,,
a3,15680,1088,-1856,2838,,,
a3,16000,768,-896,2879,,,
a3,16000,768,-896,2920,,,
a3,15936,448,-1984,2961,,,
a3,15936,448,-1984,3002,,,
a3,15936,448,-1984,3043,,,
a3,15680,1024,-2112,3084,,,
a3,15680,1024,-2112,3125,,,
a3,15808,320,-1344,3168,,,
a3,15808,320,-1344,3209,,,
a3,15808,320,-1344,3250,,,
a3,16000,-64,-4096,3291,,,
a3,16000,-64,-4096,3332,,,
a3,15872,1024,-2752,3373,,,
a3,15872,1024,-2752,3414,,,
a3,15808,960,-2624,3455,,,
,,,,,,,
a3,15808,960,-2624,3496,,,
a4,,,,,,,
a4,15488,1600,-3328,2,,,
a4,15616,1600,-3712,41,,,
a4,15616,1600,-3712,82,,,
a4,15808,1600,-3392,122,,,
a4,15808,1600,-3392,163,,,
a4,15808,1600,-3392,204,,,
a4,15488,1728,-3264,247,,,
a4,15488,1728,-3264,288,,,
a4,15424,1408,-2880,329,,,
a4,15424,1408,-2880,370,,,
,,,,,,,
a4,15808,1344,-3008,411,,,
a4,15808,1344,-3008,452,,,
a4,15808,1344,-3008,493,,,
a4,15616,1728,-3200,534,,,
a4,15616,1728,-3200,575,,,
a4,16192,1280,-2624,616,,,
a4,16192,1280,-2624,657,,,
a4,15360,1344,-2880,698,,,
a4,15360,1344,-2880,739,,,
a4,15360,1344,-2880,780,,,
a4,15040,2048,-2432,821,,,
a4,15040,2048,-2432,862,,,
a4,15040,-384,-4800,903,,,
a4,15040,-384,-4800,944,,,
a4,15040,-384,-4800,985,,,
a4,16960,-1344,-6272,1026,,,
a4,16960,-1344,-6272,1069,,,
a4,24576,4736,-3520,1110,,,
a4,24576,4736,-3520,1151,,,
a4,32640,22144,10688,1192,,,
a4,32640,22144,10688,1232,,,
a4,32640,22144,10688,1275,,,
,,,,,,,
a4,32640,1408,-32640,1316,,,
a4,32640,1408,-32640,1357,,,
a4,6400,-19904,-8832,1398,,,
a4,6400,-19904,-8832,1439,,,
a4,-1472,14720,-2176,1482,,,
a4,-1472,14720,-2176,1523,,,
a4,-1472,14720,-2176,1564,,,
a4,-2432,8448,5888,1605,,,
a4,-2432,8448,5888,1646,,,
a4,32640,22848,-17344,1687,,,
a4,32640,22848,-17344,1730,,,
a4,32640,22848,-17344,1771,,,
a4,11328,-16576,-5376,1812,,,
a4,11328,-16576,-5376,1853,,,
a4,5056,-768,-14272,1896,,,
a4,5056,-768,-14272,1937,,,
a4,9600,832,-11008,1978,,,
a4,9600,832,-11008,2019,,,
a4,9600,832,-11008,2060,,,
a4,15424,-448,-7616,2101,,,
a4,15424,-448,-7616,2142,,,
a4,12544,6848,-2944,2183,,,
a4,12544,6848,-2944,2224,,,
a4,15616,192,-960,2267,,,
a4,15616,192,-960,2308,,,
a4,15616,192,-960,2349,,,
a4,16128,-640,-2624,2388,,,
a4,16128,-640,-2624,2431,,,
a4,16128,1408,-2048,2472,,,
a4,16128,1408,-2048,2512,,,
a4,15872,448,-576,2553,,,
a4,15872,448,-576,2594,,,
a4,15872,448,-576,2635,,,
a4,16064,0,-1408,2676,,,
a4,16064,0,-1408,2717,,,
a4,15872,320,-1600,2758,,,
a4,15872,320,-1600,2799,,,
a4,15872,320,-1600,2840,,,
a4,16000,768,-2304,2881,,,
a4,16000,768,-2304,2922,,,
a4,15872,448,-1600,2963,,,
a4,15872,448,-1600,3004,,,
a4,16064,192,-1344,3045,,,
a4,16064,192,-1344,3086,,,
a4,16064,192,-1344,3127,,,
a4,15168,64,-1984,3168,,,
a4,15168,64,-1984,3209,,,
a4,15872,704,-1152,3250,,,
a4,15872,704,-1152,3291,,,
a4,15872,704,-1152,3332,,,
a4,16064,448,-1344,3373,,,
a4,16064,448,-1344,3414,,,
a4,16064,448,-1280,3455,,,
a4,16064,448,-1280,3496,,,
a5,,,,,,,
a5,15680,1216,-2560,0,,,
a5,15680,1216,-1856,41,,,
a5,15616,896,-1856,82,,,
a5,15616,896,-1856,123,,,
a5,15808,1216,-2688,164,,,
a5,15808,1216,-2688,205,,,
a5,15552,1152,-3136,246,,,
a5,15552,1152,-3136,287,,,
a5,15552,1152,-3136,328,,,
a5,15616,1024,-3008,369,,,
a5,15616,1024,-3008,410,,,
a5,15424,1280,-2880,451,,,
a5,15424,1280,-2880,492,,,
a5,15488,1280,-2048,535,,,
a5,15488,1280,-2048,576,,,
a5,15488,1280,-2048,617,,,
a5,15040,1216,-5504,658,,,
a5,15040,1216,-5504,699,,,
a5,14400,448,-7744,740,,,
a5,14400,448,-7744,781,,,
a5,14400,448,-7744,822,,,
a5,24576,10112,-12544,863,,,
a5,24576,10112,-12544,903,,,
a5,20416,26880,32640,944,,,
a5,20416,26880,32640,985,,,
a5,32640,23680,19968,1026,,,
a5,32640,23680,19968,1069,,,
a5,32640,23680,19968,1110,,,
a5,29568,-32640,-16768,1151,,,
a5,29568,-32640,-16768,1192,,,
a5,14016,-3840,-17856,1235,,,
a5,14016,-3840,-17856,1276,,,
a5,1344,23040,17984,1317,,,
a5,1344,23040,17984,1360,,,
a5,1344,23040,17984,1401,,,
a5,-1600,3072,6144,1442,,,
a5,-1600,3072,6144,1483,,,
a5,32640,18368,-3776,1524,,,
a5,32640,18368,-3776,1565,,,
a5,32640,12032,-19200,1606,,,
a5,32640,12032,-19200,1649,,,
a5,32640,12032,-19200,1690,,,
a5,10624,576,-15424,1731,,,
a5,10624,576,-15424,1772,,,
a5,10368,-2048,-9856,1815,,,
a5,10368,-2048,-9856,1856,,,
a5,10368,-2048,-9856,1897,,,
a5,15168,-1216,-7616,1938,,,
a5,15168,-1216,-7616,1979,,,
a5,15552,832,-2496,2020,,,
a5,15552,832,-2496,2063,,,
a5,13824,-4416,384,2104,,,
a5,13824,-4416,384,2145,,,
a5,13824,-4416,384,2186,,,
a5,16576,-448,-64,2226,,,
a5,16576,-448,-64,2267,,,
a5,16064,2112,192,2308,,,
a5,16064,2112,192,2349,,,
a5,15232,2240,-1280,2390,,,
a5,15232,2240,-1280,2431,,,
a5,15232,2240,-1280,2472,,,
a5,16192,896,128,2513,,,
a5,16192,896,128,2554,,,
a5,15424,1600,128,2595,,,
a5,15424,1600,128,2636,,,
a5,15424,1600,128,2677,,,
a5,16064,832,-256,2718,,,
,,,,,,,
a5,16064,832,-256,2759,,,
a5,15936,832,256,2800,,,
a5,15936,832,256,284,,,
a5,15808,1216,-512,2964,,,
a5,16256,896,-320,3005,,,
a5,16256,896,-320,3046,,,
a5,16000,704,-128,3087,,,
a5,16000,704,-128,3128,,,
a5,16128,640,-640,3169,,,
a5,16128,640,-640,3210,,,
a5,16128,640,-640,3250,,,
a5,16064,1088,-1088,3291,,,
a5,16064,1088,-1088,3332,,,
a5,15872,1024,-1344,3373,,,
a5,15872,1024,-1344,3414,,,
a5,15872,1024,-1344,3455,,,
a5,16000,832,-768,3496,,,
t1,,,,,,,
t1,15488,2944,-640,0,,,
t1,15488,2944,-640,41,,,
t1,15488,2944,-640,82,,,
t1,15808,3136,-960,123,,,
t1,15808,3136,-960,164,,,
t1,15616,3072,-896,205,,,
t1,15616,3072,-896,246,,,
,,,,,,,
t1,15680,3264,-832,287,,,
t1,15680,3264,-832,328,,,
t1,15680,3264,-832,369,,,
t1,15424,3328,-1088,408,,,
t1,15424,3328,-1088,451,,,
t1,15616,3200,-640,492,,,
t1,15616,3200,-640,533,,,
t1,15616,3200,-640,574,,,
t1,15872,2624,320,612,,,
t1,15872,2624,320,653,,,
t1,17920,7424,6912,694,,,
,,,,,,,
t1,17920,7424,6912,735,,,
,,,,,,,
t1,21120,-12992,6656,776,,,
t1,21120,-12992,6656,819,,,
t1,21120,-12992,6656,860,,,
t1,16704,5568,-5440,901,,,
t1,16704,5565616,8640,512,983,,
t1,15616,8640,512,1024,,,
t1,15616,8640,512,1065,,,
t1,14528,1600,8448,1106,,,
t1,14528,1600,8448,1147,,,
t1,14400,-2816,-2432,1188,,,
t1,14400,-2816,-2432,1229,,,
t1,14784,-2176,4992,1270,,,
t1,14784,-2176,4992,1313,,,
t1,14784,-2176,4992,1354,,,
t1,13504,384,8640,1395,,,
t1,13504,384,8640,1436,,,
t1,14336,3712,7040,1477,,,
t1,14336,3712,7040,1518,,,
t1,16960,2112,-3136,1559,,,
,,,,,,,
t1,16960,2112,-3136,1600,,,
t1,16960,2112,-3136,1641,,,
,,,,,,,
t1,14016,8384,-256,1682,,,
t1,14016,8384,-256,1723,,,
t1,13056,5376,3328,1766,,,
t1,13056,5376,3328,1806,,,
t1,13056,5376,3328,1847,,,
,,,,,,,
t1,16064,-896,2752,1888,,,
t1,16064,-896,2752,1929,,,
t1,16128,-896,14464,1970,,,
t1,16128,-896,14464,2011,,,
t1,15680,6592,-3200,2052,,,
t1,15680,6592,-3200,2093,,,
t1,15680,6592,-3200,2134,,,
t1,14912,5120,-1600,2177,,,
t1,14912,5120,-1600,2218,,,
t1,15680,2112,384,2259,,,
t1,15680,2112,384,2300,,,
t1,15552,2368,-256,2341,,,
t1,15552,2368,-256,2382,,,
t1,15552,2368,-256,2423,,,
t1,15616,3200,-384,2464,,,
,,,,,,,
t1,15616,3200,-384,2505,,,
t1,16064,2304,-384,2546,,,
t1,16064,2304,-384,2587,,,
t1,16064,2560,-960,2628,,,
t1,16000,2624,-960,2669,,,
t1,16000,2624,-960,2710,,,
t1,15808,2304,-512,2751,,,
t1,15808,2304,-512,2794,,,
t1,15808,2368,-704,2835,,,
t1,15808,2368,-704,2876,,,
t1,15808,2368,-704,2916,,,
t1,15936,2176,-512,2957,,,
t1,15936,2176,-512,2998,,,
t1,15872,2048,-512,3039,,,
t1,15872,2048,-512,3080,,,
t1,15808,2432,-960,3121,,,
t1,15808,2432,-960,3162,,,
t1,15808,2432,-960,3203,,,
t1,15808,2496,-1024,3244,,,
t1,15808,2496,-1024,3285,,,
t1,15680,2432,-1088,3326,,,
t1,15680,2432,-1088,3369,,,
t1,15680,2816,-512,3410,,,
t1,15616,2816,-512,3451,,,
,,,,,,,
t1,15616,2816,-512,3492,,,
t2,,,,,,,
t2,15744,2944,-1152,0,,,
t2,15744,2944,-1152,41,,,
t2,15680,2944,-1344,82,,,
t2,15680,2944,-1344,123,,,
t2,15680,2880,-832,164,,,
t2,15680,2880,-832,205,,,
t2,15680,2880,-832,246,,,
t2,15744,2688,-704,287,,,
t2,15744,2688,-704,328,,,
t2,15680,3328,-1216,369,,,
t2,15680,3328,-1216,410,,,
t2,15552,3328,-1152,451,,,
t2,15552,3328,-1152,492,,,
t2,15552,3328,-1152,533,,,
t2,15488,2560,-128,574,,,
t2,15488,2560,-128,615,,,
t2,16896,256,2496,656,,,
t2,16896,256,2496,697,,,
t2,16896,256,2496,738,,,
t2,14592,7168,320,777,,,
t2,14592,7168,320,818,,,
t2,16640,3008,6976,858,,,
t2,16640,3008,6976,899,,,
,,,,,,,
t2,17152,12160,832,940,,,
t2,17152,12160,832,981,,,
t2,17152,12160,832,1022,,,
t2,15360,3904,6528,1065,,,
t2,15360,3904,6528,1106,,,
t2,13184,5376,6592,1147,,,
t2,13184,5376,6592,1188,,,
t2,13184,5376,-5952,1229,,,
t2,9600,6528,-5952,1270,,,
,,,,,,,
t2,9600,6528,-5952,1311,,,
t2,13120,4480,9792,1352,,,
t2,13120,4480,9792,1393,,,
t2,14208,1088,3136,1434,,,
t2,14208,1088,3136,1475,,,
t2,14208,1088,3136,1518,,,
t2,12864,4608,3776,1559,,,
t2,12864,4608,3776,1600,,,
t2,14528,4928,5632,1641,,,
t2,14528,4928,5632,1682,,,
t2,13888,3200,5184,1723,,,
t2,13888,3200,5184,1764,,,
t2,13888,3200,5184,1805,,,
t2,15808,1920,1344,1846,,,
t2,15808,1920,1344,1887,,,
t2,16960,1600,6912,1928,,,
t2,16960,1600,6912,1971,,,
t2,17728,6336,7680,2011,,,
t2,17728,6336,7680,2052,,,
t2,17728,6336,7680,2093,,,
,,,,,,,
t2,17536,-1984,4992,2134,,,
t2,17536,-1984,4992,2175,,,
,,,,,,,
t2,15616,3776,-1728,2216,,,
t2,15616,3776,-1728,2257,,,
,,,,,,,
t2,15616,3776,-1728,2298,,,
t2,15616,4928,-2560,2341,,,
,,,,,,,
t2,15616,4928,-2560,2382,,,
t2,15616,2880,-512,2423,,,
t2,15616,2880,-512,2464,,,
t2,15616,3072,-1472,2505,,,
t2,15616,3072,-1472,2546,,,
t2,15616,3072,-1472,2587,,,
t2,15680,3136,-1152,2628,,,
t2,15680,3136,-1152,2669,,,
t2,15808,2880,-1408,2712,,,
t2,15808,2880,-1408,2753,,,
t2,15616,2688,-1152,2794,,,
t2,15616,2688,-1152,2835,,,
t2,15616,2688,-1152,2876,,,
t2,15808,2752,-1408,2917,,,
t2,15808,2752,-1408,2958,,,
t2,15616,2496,-1344,3001,,,
t2,15616,2496,-1344,3042,,,
t2,15616,2496,-1344,3083,,,
t2,15744,2496,-1344,3124,,,
t2,15744,2496,-1344,3165,,,
t2,15680,2560,-1408,3205,,,
t2,15680,2560,-1408,3246,,,
t2,15936,2432,-1344,3287,,,
t2,15936,2432,-1344,3330,,,
t2,15936,2432,-1344,3371,,,
t2,15744,2688,-1472,3412,,,
t2,15744,2688,-1472,3453,,,
t2,15808,2560,-1344,3494,,,
t3,,,,,,,
t3,15680,3136,-896,2,,,
,,,,,,,
t3,15872,3456,-640,41,,,
t3,15872,3456,-640,82,,,
t3,15872,3456,-640,123,,,
t3,15808,3520,-320,164,,,
t3,15808,3520,-320,205,,,
t3,17088,4032,7296,246,,,
t3,17088,4032,7296,287,,,
t3,17088,4032,7296,327,,,
t3,17216,320,9152,368,,,
t3,17216,320,9152,409,,,
t3,18112,1536,5248,450,,,
t3,18112,1536,5248,491,,,
t3,16832,9024,1472,532,,,
t3,16832,9024,1472,573,,,
t3,16832,9024,1472,614,,,
t3,14336,1792,4864,655,,,
t3,14336,1792,4864,696,,,
t3,13568,-2624,128,737,,,
t3,13568,-2624,128,778,,,
t3,13568,-2624,128,819,,,
t3,14016,2304,8000,860,,,
t3,14016,2304,8000,901,,,
t3,14272,-1536,5568,942,,,
t3,14272,-1536,5568,983,,,
t3,12032,-1024,3904,1024,,,
t3,12032,-1024,3904,1065,,,
t3,12032,-1024,3904,1106,,,
t3,15488,-1600,3008,0,3008,1190,
t3,14336,3328,256,1231,,,
t3,14336,3328,256,1272,,,
t3,16704,128,9024,1313,,,
t3,16704,128,9024,1354,,,
t3,16704,128,9024,1395,,,
t3,14976,7104,704,1435,,,
t3,14976,7104,704,1476,,,
t3,16768,2688,6080,1517,,,
,,,,,,,
t3,16768,2688,6080,1558,,,
t3,16768,2688,6080,1599,,,
t3,14848,6656,4608,1640,,,
t3,14848,6656,4608,1681,,,
t3,16768,-192,11328,1722,,,
t3,16768,-192,11328,1763,,,
t3,15872,1856,-960,1806,,,
t3,15872,1856,-960,1847,,,
t3,15872,1856,-960,1888,,,
t3,15424,3904,-448,1929,,,
t3,15424,3904,-448,1970,,,
t3,15872,2560,-1152,2011,,,
t3,15872,2560,-1152,2052,,,
t3,15872,3008,-768,2093,,,
t3,15872,3008,-768,2134,,,
t3,15872,3008,-768,2175,,,
t3,15872,2624,-768,2216,,,
t3,15872,2624,-768,2257,,,
t3,15744,2816,-576,2298,,,
t3,15744,2816,-576,2341,,,
t3,15744,2816,-576,2382,,,
t3,15744,2880,-640,2423,,,
t3,15744,2880,-640,2464,,,
t3,15680,2432,-832,2505,,,
,,,,,,,
t3,15680,2432,-832,2545,,,
t3,15808,2496,-960,2586,,,
t3,15808,2496,-960,2627,,,
t3,15808,2496,-960,2668,,,
t3,15744,2560,-1216,2709,,,
t3,15744,2560,-1216,2750,,,
t3,15808,2816,-1408,2791,,,
t3,15808,2816,-1408,2832,,,
t3,15808,2048,-960,2875,,,
t3,15808,2048,-960,2916,,,
t3,15808,2048,-960,2957,,,
t3,15680,2304,-1280,2998,,,
t3,15680,2304,-1280,3039,,,
t3,15552,2560,-1408,3080,,,
t3,15552,2560,-1408,3121,,,
t3,15552,2560,-1408,3162,,,
t3,15808,2432,-1344,3203,,,
t3,15808,2432,-1344,3246,,,
t3,15808,2432,-1216,3287,,,
t3,15808,2432,-1216,3328,,,
t3,15552,2496,-1152,3369,,,
t3,15552,2496,-1152,3410,,,
t3,15552,2496,-1152,3451,,,
t3,15872,2112,-1280,3492,,,
t4,,,,,,,
t4,15808,2880,-832,0,,,
t4,15808,2880,-832,41,,,
t4,15680,3008,-1088,82,,,
t4,15680,3008,-1088,123,,,
t4,15680,3008,-1088,164,,,
t4,15552,2880,-1024,205,,,
t4,15552,2880,-1024,246,,,
t4,15744,2816,-1152,287,,,
t4,15744,2816,-1152,328,,,
t4,15744,2816,-1152,369,,,
,,,,,,,
t4,15744,3200,-576,412,,,
t4,15744,3200,-576,453,,,
t4,15552,2560,576,492,,,
t4,15552,2560,576,533,,,
t4,14016,6592,-4544,574,,,
t4,14016,6592,-4544,615,,,
t4,14016,6592,-4544,656,,,
t4,15744,3264,640,699,,,
t4,15744,3264,640,737,,,
t4,16832,1920,7040,778,,,
t4,16832,1920,7040,819,,,
t4,16832,1920,7040,860,,,
t4,17152,704,13056,901,,,
t4,17152,704,13056,942,,,
t4,17280,8320,1472,985,,,
t4,17280,8320,1472,1026,,,
t4,15360,7232,1280,1067,,,
t4,15360,7232,1280,1108,,,
t4,15360,7232,1280,1149,,,
t4,12544,3264,1984,1190,,,
t4,12544,3264,1984,1231,,,
t4,14144,-768,-2560,1272,,,
t4,14144,-768,-2560,1313,,,
t4,14528,-4096,9792,1354,,,
t4,14528,-4096,9792,1395,,,
t4,14528,-4096,9792,1438,,,
,,,,,,,
t4,12672,2240,6528,1479,,,
,,,,,,,
t4,12672,2240,6528,1520,,,
t4,13504,3392,3072,1561,,,
t4,13504,3392,3072,1602,,,
t4,13504,3392,3072,1643,,,
t4,16192,832,512,1684,,,
t4,16192,832,512,1725,,,
t4,16256,10176,4224,1766,,,
t4,16256,10176,4224,1807,,,
t4,14656,8832,-768,1847,,,
t4,14656,8832,-768,1888,,,
t4,14656,8832,-768,1929,,,
t4,16128,5184,3520,1972,,,
t4,16128,5184,3520,2013,,,
t4,14592,768,8768,2054,,,
t4,14592,768,8768,2095,,,
t4,17792,-960,832,2136,,,
t4,17792,-960,832,2177,,,
t4,17792,-960,832,2218,,,
t4,16256,2304,-1728,2259,,,
28,2300,,,,,,
t4,15552,3392,64,2341,,,
t4,15552,3392,64,2382,,,
t4,15552,3392,64,2423,,,
t4,15552,3776,576,2464,,,
t4,15552,3776,576,2505,,,
t4,15744,2624,896,2546,,,
t4,15744,2624,896,2587,,,
t4,15680,2368,448,2628,,,
t4,15680,2368,448,2669,,,
t4,15680,2368,448,2710,,,
t4,15936,2112,192,2751,,,
t4,15936,2112,192,2792,,,
t4,16000,2112,-64,2833,,,
t4,16000,2112,-64,2874,,,
t4,16000,2560,-640,2914,,,
t4,15744,2560,-640,2955,,,
t4,15744,2560,-640,2996,,,
t4,15936,2688,-704,3037,,,
t4,15936,2688,-704,3078,,,
t4,15744,2752,-1152,3119,,,
t4,15744,2752,-1152,3160,,,
t4,15744,2752,-1152,3201,,,
t4,15744,2560,-1024,3242,,,
t4,15744,2560,-1024,3283,,,
t4,15808,2688,-1280,3326,,,
t4,15808,2688,-1280,3367,,,
t4,15808,2624,-1280,3408,,,
t4,15808,2624,-1280,3449,,,
t4,15808,2624,-1280,3490,,,
t5,,,,,,,
t5,15808,2816,-1280,0,,,
t5,15808,2816,-1280,41,,,
t5,15808,2816,-1280,82,,,
t5,15680,2944,-1280,123,,,
t5,15680,2944,-1280,164,,,
t5,15616,3008,-1152,205,,,
t5,15616,3008,-1152,246,,,
t5,15616,3008,-1152,287,,,
t5,15680,3136,-960,328,,,
t5,15680,3136,-960,369,,,
t5,15744,2368,-320,410,,,
t5,15744,2368,-320,451,,,
t5,19008,5632,4480,492,,,
t5,19008,5632,4480,533,,,
t5,19008,5632,4480,574,,,
t5,16192,3968,3200,615,,,
t5,16192,3968,3200,656,,,
t5,17856,1600,4544,697,,,
t5,17856,1600,4544,737,,,
t5,17856,1600,4544,778,,,
t5,17216,3840,4672,819,,,
t5,17216,3840,4672,860,,,
t5,14464,6336,7808,901,,,
t5,14464,6336,7808,942,,,
t5,13888,-6144,-1984,983,,,
t5,13888,-6144,-1984,1024,,,
t5,13888,-6144,-1984,1065,,,
t5,12608,320,2368,1106,,,
t5,12608,320,2368,1147,,,
t5,14080,-448,9664,1188,,,
t5,14080,-448,9664,1229,,,
t5,12032,576,1536,1272,,,
t5,12032,576,1536,1313,,,
t5,12032,576,1536,1354,,,
t5,15360,-128,2880,1395,,,
t5,15360,-128,2880,1436,,,
t5,23360,-192,29440,1477,,,
t5,23360,-192,29440,1518,,,
t5,23360,-192,29440,1559,,,
t5,11520,8000,448,1600,,,
t5,11520,8000,448,1641,,,
t5,17920,2816,2048,1682,,,
t5,17920,2816,2048,1723,,,
t5,16576,2176,7808,1764,,,
t5,16576,2176,7808,1804,,,
t5,16576,2176,7808,1845,,,
t5,14784,2880,9920,1888,,,
t5,14784,2880,9920,1929,,,
t5,16448,2112,-4544,1970,,,
t5,16448,2112,-4544,2011,,,
t5,16448,-64,2880,2052,,,
t5,16448,-64,2880,2093,,,
t5,16448,-64,2880,2134,,,
t5,15616,4096,-1280,2175,,,
,,,,,,,
t5,15616,4096,-1280,2216,,,
t5,15936,3072,-768,2257,,,
t5,15936,3072,-768,2298,,,
t5,15936,3072,-768,2339,,,
t5,15872,3072,-1024,2380,,,
t5,15872,3072,-1024,2421,,,
t5,15680,3200,-1024,2464,,,
t5,15680,3200,-1024,2505,,,
t5,15808,2752,-768,2546,,,
t5,15808,2752,-768,2587,,,
t5,15808,2752,-768,2744,2432,-512,2710
t5,15744,2176,-512,2751,,,
t5,15744,2176,-512,2792,,,
,,,,,,,
t5,15680,2176,-896,2833,,,
t5,15680,2176,-896,2874,,,
t5,15680,2176,-896,2914,,,
t5,15808,2240,-768,2955,,,
t5,15808,2240,-768,2996,,,
t5,15872,2240,-704,3039,,,
t5,15872,2240,-704,3080,,,
t5,15872,2240,-704,3121,,,
t5,16064,1664,-320,3162,,,
t5,16064,1664,-320,3203,,,
t5,15872,2240,-1088,3244,,,
,,,,,,,
t5,15872,2240,-1088,3285,,,
t5,15744,2176,-896,3326,,,
t5,15744,2176,-896,3367,,,
t5,15744,2176,-896,3408,,,
t5,15936,2048,-768,3449,,,
t5,15936,2048,-768,3490,,,
r1,,,,,,,
r1,15616,3520,-1600,0,,,
r1,15616,3520,-1600,41,,,
r1,15552,3968,-1728,82,,,
r1,15552,3968,-1728,123,,,
r1,15616,3968,-1344,164,,,
r1,15616,3968,-1344,205,,,
,,,,,,,
r1,15616,3968,-1344,246,,,
,,,,,,,
r1,15424,4480,-1600,289,,,
r1,15424,4480,-1600,330,,,
r1,15616,4864,-2112,371,,,
r1,15616,4864,-2112,412,,,
r1,15616,4864,-2112,453,,,
r1,17280,5376,-1664,494,,,
r1,17280,5376,-1664,535,,,
r1,22464,5504,-8576,576,,,
r1,22464,5504,-8576,617,,,
r1,14144,8640,-6080,658,,,
r1,14144,8640,-6080,699,,,
r1,14144,8640,-6080,740,,,
r1,12224,8192,-7552,781,,,
r1,12224,8192,-7552,822,,,
r1,13184,4224,-13952,863,,,
r1,13184,4224,-13952,904,,,
r1,10752,1152,-16512,945,,,
r1,10752,1152,-16512,988,,,
r1,10752,1152,-16512,1029,,,
r1,5696,896,-11328,1069,,,
r1,5696,896,-11328,1110,,,
r1,4608,2816,-6592,1151,,,
r1,4608,2816,-6592,1192,,,
r1,4608,2816,-6592,1233,,,
r1,5696,2752,-7168,1274,,,
r1,5696,2752,-7168,1315,,,
r1,6336,4160,-9984,1356,,,
r1,6336,4160,-9984,1397,,,
r1,14144,-1024,-7872,1440,,,
r1,14144,-1024,-7872,1481,,,
r1,14144,-1024,-7872,1522,,,
r1,11648,-1152,-12416,1563,,,
r1,11648,-1152,-12416,1604,,,
r1,14592,12416,-16064,1647,,,
r1,14592,12416,-16064,1688,,,
r1,16064,5504,-5056,1729,,,
r1,16064,5504,-5056,1770,,,
r1,16064,5504,-5056,1811,,,
r1,13696,-192,-2624,1854,,,
r1,13696,-192,-2624,1895,,,
r1,15424,-1536,-5952,1936,,,
r1,15424,-1536,-5952,20,-6272,2100,
r1,17664,3712,-6592,2141,,,
r1,17664,3712,-6592,2184,,,
r1,15232,2048,-4416,2225,,,
r1,15232,2048,-4416,2266,,,
r1,15232,2048,-4416,2306,,,
r1,15744,2048,-1408,2347,,,
r1,15744,2048,-1408,2388,,,
r1,16256,1728,-704,2429,,,
r1,16256,1728,-704,2472,,,
r1,16192,1920,-1344,2513,,,
r1,16192,1920,-1344,2554,,,
r1,16192,1920,-1344,2595,,,
r1,15808,2624,-1408,2636,,,
r1,15808,2624,-1408,2677,,,
r1,15808,2048,-1536,2718,,,
r1,15808,2048,-1536,2759,,,
r1,15744,2176,-1152,2802,,,
r1,15744,2176,-1152,2843,,,
r1,15744,2176,-1152,2884,,,
r1,15872,2496,-1600,2925,,,
r1,15872,2496,-1600,2966,,,
r1,15936,2304,-1536,3007,,,
r1,15936,2304,-1536,3048,,,
r1,15936,2304,-1536,3089,,,
r1,16064,2560,-1472,3132,,,
r1,16064,2560,-1472,3173,,,
r1,15808,2624,-1664,3214,,,
r1,15808,2624,-1664,3255,,,
r1,15744,2176,-1600,3296,,,
r1,15744,2176,-1600,3337,,,
r1,15744,2176,-1600,3378,,,
r1,15616,2240,-1472,3421,,,
r1,15616,2240,-1472,3462,,,
r2,,,,,,,
r2,15680,3008,-1216,0,,,
r2,15680,3008,-1216,41,,,
r2,15808,3200,-1536,82,,,
r2,15808,3200,-1536,123,,,
r2,15616,2816,-1216,164,,,
r2,15616,2816,-1216,205,,,
r2,15488,3072,-960,246,,,
r2,15488,3072,-960,287,,,
r2,15488,3072,-960,328,,,
r2,15424,3200,-832,369,,,
r2,15424,3200,-832,410,,,
r2,15616,3008,-512,451,,,
r2,15616,3008,-512,491,,,
r2,16000,4160,-2944,532,,,
r2,16000,4160,-2944,573,,,
r2,16000,4160,-2944,614,,,
r2,21312,4672,5184,655,,,
r2,21312,4672,5184,696,,,
r2,19904,2368,-6400,737,,,
r2,19904,2368,-6400,778,,,
r2,19904,2368,-6400,819,,,
r2,14080,5312,-8768,860,,,
r2,14080,5312,-8768,901,,,
r2,9408,-12864,6848,942,,,
r2,9408,-12864,6848,983,,,
,,,,,,,
r2,11904,3264,-26432,1024,,,
r2,11904,3264,-26432,1065,,,
r2,11904,3264,-26432,1108,,,
r2,10304,-1600,-13440,1149,,,
r2,10304,-1600,-13440,1190,,,
r2,8512,2304,-7360,1231,,,
r2,8512,2304,-7360,1272,,,
r2,5440,4416,-3136,1313,,,
r2,5440,4416,-3136,1356,,,
r2,5440,4416,-3136,1397,,,
r2,4160,2816,-9792,1438,,,
r2,4160,2816,-9792,1479,,,
,,,,,,,
r2,6720,2240,-3840,1520,,,
r2,6720,2240,-3840,1561,,,
r2,6720,2240,-3840,1602,,,
r2,10304,2688,-15232,1642,,,
r2,10304,2688,-15232,1683,,,
r2,13120,3776,-16064,1724,,,
,,,,,,,
r2,13120,3776,-16064,1767,,,
r2,17152,256,-11008,1808,,,
r2,17152,256,-11008,1849,,,
r2,17152,256,-11008,1890,,,
r2,12416,-1856,-4544,1931,,,
r2,12416,-1856,-4544,1972,,,
r2,13824,13376,13504,2013,,,
r2,13824,13376,13504,2056,,,
r2,11200,1280,-4160,2097,,,
r2,11200,1280,-4160,2138,,,
r2,11200,1280,-4160,2179,,,
r2,14464,4288,-768,2220,,,
r2,14464,4288,-768,2261,,,
r2,13888,1664,-1088,2302,,,
r2,13888,1664,-1088,2345,,,
r2,19712,6784,-2560,2386,,,
r2,19712,6784,-2560,2427,,,
r2,19712,6784,-2560,2468,,,
r2,15936,2432,-2688,2509,,,
r2,15936,2432,-2688,2550,,,
r2,16000,2240,-1216,2591,,,
r2,16000,2240,-1216,2634,,,
r2,16000,2240,-1216,2675,,,
r2,15808,2304,-1216,2716,,,
r2,15808,2304,-1216,2757,,,
r2,15872,1728,-1280,2798,,,
r2,15872,1728,-1280,2838,,,
r2,15936,1472,-896,2879,,,
r2,15936,1472,-896,2920,,,
r2,15936,1472,-896,2961,,,
,,,,,,,
r2,15872,2240,-1344,3004,,,
r2,15872,2240,-1344,3045,,,
,,,,,,,
r2,15872,2176,-1344,3086,,,
r2,15872,2176,-1344,3127,,,
,,,,,,,
r2,15680,1920,-1216,3168,,,
r2,15680,1920,-1216,3209,,,
,,,,,,,
r2,15680,1920,-1216,3250,,,
r2,15488,1600,-1088,3293,,,
,,,,,,,
r2,15488,1600,-1088,3334,,,
r2,15680,2240,-1472,3375,,,
,,,,,,,
r2,15680,2240,-1472,3416,,,
r2,15680,2240,-1472,3457,,,
,,,,,,,
r2,15808,2048,-1216,3498,,,
